<http enabled="True" host="0.0.0.0" port="8800">
    <global>
        <config>
            <!-- what protocol shall we use by default? -->
            <entity name="protocol_version">HTTP/1.1</entity>
            <!-- if we find any date header to be delivered, should we update it to a real value? -->
            <entity name="update_header_date">true</entity>
            <!-- should we disable the HTTP HEAD method? -->
            <entity name="disable_method_head">false</entity>
            <!-- should we disable the HTTP TRACE method? -->
            <entity name="disable_method_trace">false</entity>
            <!-- should we disable the HTTP OPTIONS method? -->
            <entity name="disable_method_options">false</entity>
            <!-- TARPIT: how much latency should we introduce to any response by default? -->
            <entity name="tarpit">0</entity>
        </config>

        <!-- these headers will be sent with each response -->
        <headers>
            <!-- this date header will be updated, if enabled above -->
            <entity name="Date">Sat, 28 Apr 1984 07:30:00 GMT</entity>
        </headers>
    </global>

    <!-- how should the different URI requests be handled -->
    <htdocs>
        <node name="/">
            <!-- force response status code to 302 -->
            <status>302</status>
            <headers>
                <!-- these headers will be sent along with this response -->
                <entity name="Content-Type">text/html</entity>
                <entity name="Location">/index.html</entity>
            </headers>
        </node>
        <node name="/index.html">
            <!-- this tarpit will override the globally set tarpit for this node -->
            <tarpit>0.0;0.3</tarpit>
            <headers>
                <entity name="Last-Modified">Tue, 19 May 1993 09:00:00 GMT</entity>
                <entity name="Content-Type">text/html</entity>
                <entity name="Set-cookie">path=/</entity>
            </headers>
        </node>
        <node name="/index.htm">
            <!-- this node will inherit the payload from the referenced alias node without telling the browser -->
            <alias>/index.html</alias>
        </node>

        <!-- the following nodes are used for unit testing and should be removed for production -->
        <node name="/192.168.1.51/Portal/Portald965.html">
            <headers>
                <entity name="Last-Modified">Tue, 19 May 1993 09:00:00 GMT</entity>
                <entity name="Content-Type">text/html</entity>
            </headers>
        </node>
        
        <node name="/192.168.1.51/Portal/Intro.html">
            <headers>
                <entity name="Last-Modified">Tue, 19 May 1993 09:00:00 GMT</entity>
                <entity name="Content-Type">text/html</entity>
            </headers>
        </node>
        <node name="/192.168.1.51/Portal/Portal04e0.html">
            <headers>
                <entity name="Last-Modified">Tue, 19 May 1993 09:00:00 GMT</entity>
                <entity name="Content-Type">text/html</entity>
            </headers>
        </node>
        <node name="/192.168.1.51/Portal/Portal4eb4.html">
            <headers>
                <entity name="Last-Modified">Tue, 19 May 1993 09:00:00 GMT</entity>
                <entity name="Content-Type">text/html</entity>
            </headers>
        </node>
        <node name="/192.168.1.51/Portal/Portal5c86.html">
            <headers>
                <entity name="Last-Modified">Tue, 19 May 1993 09:00:00 GMT</entity>
                <entity name="Content-Type">text/html</entity>
            </headers>
        </node>
        <node name="/192.168.1.51/Portal/Portal5f39.html">
            <headers>
                <entity name="Last-Modified">Tue, 19 May 1993 09:00:00 GMT</entity>
                <entity name="Content-Type">text/html</entity>
            </headers>
        </node>
        <node name="/192.168.1.51/Portal/Portal06af.html">
            <headers>
                <entity name="Last-Modified">Tue, 19 May 1993 09:00:00 GMT</entity>
                <entity name="Content-Type">text/html</entity>
            </headers>
        </node>
        <node name="/192.168.1.51/Portal/Portal9d7b.html">
            <headers>
                <entity name="Last-Modified">Tue, 19 May 1993 09:00:00 GMT</entity>
                <entity name="Content-Type">text/html</entity>
            </headers>
        </node>
        <node name="/192.168.1.51/Portal/Portal9e55.html">
            <headers>
                <entity name="Last-Modified">Tue, 19 May 1993 09:00:00 GMT</entity>
                <entity name="Content-Type">text/html</entity>
            </headers>
        </node>
        <node name="/192.168.1.51/Portal/Portal18d9.html">
            <headers>
                <entity name="Last-Modified">Tue, 19 May 1993 09:00:00 GMT</entity>
                <entity name="Content-Type">text/html</entity>
            </headers>
        </node>
        <node name="/192.168.1.51/Portal/Portal31a2.html">
            <headers>
                <entity name="Last-Modified">Tue, 19 May 1993 09:00:00 GMT</entity>
                <entity name="Content-Type">text/html</entity>
            </headers>
        </node>
        <node name="/192.168.1.51/Portal/Portal85c6.html">
            <headers>
                <entity name="Last-Modified">Tue, 19 May 1993 09:00:00 GMT</entity>
                <entity name="Content-Type">text/html</entity>
            </headers>
        </node>
        <node name="/192.168.1.51/Portal/Portal87a5.html">
            <headers>
                <entity name="Last-Modified">Tue, 19 May 1993 09:00:00 GMT</entity>
                <entity name="Content-Type">text/html</entity>
            </headers>
        </node>
        <node name="/192.168.1.51/Portal/Portal413e.html">
            <headers>
                <entity name="Last-Modified">Tue, 19 May 1993 09:00:00 GMT</entity>
                <entity name="Content-Type">text/html</entity>
            </headers>
        </node>
        <node name="/192.168.1.51/Portal/Portal4910.html">
            <headers>
                <entity name="Last-Modified">Tue, 19 May 1993 09:00:00 GMT</entity>
                <entity name="Content-Type">text/html</entity>
            </headers>
        </node>
        <node name="/192.168.1.51/Portal/Portal6270.html">
            <headers>
                <entity name="Last-Modified">Tue, 19 May 1993 09:00:00 GMT</entity>
                <entity name="Content-Type">text/html</entity>
            </headers>
        </node>
        <node name="/192.168.1.51/Portal/Portal6595.html">
            <headers>
                <entity name="Last-Modified">Tue, 19 May 1993 09:00:00 GMT</entity>
                <entity name="Content-Type">text/html</entity>
            </headers>
        </node>
        <node name="/192.168.1.51/Portal/Portal7619.html">
            <headers>
                <entity name="Last-Modified">Tue, 19 May 1993 09:00:00 GMT</entity>
                <entity name="Content-Type">text/html</entity>
            </headers>
        </node>
        <node name="/192.168.1.51/Portal/Portala08f.html">
            <headers>
                <entity name="Last-Modified">Tue, 19 May 1993 09:00:00 GMT</entity>
                <entity name="Content-Type">text/html</entity>
            </headers>
        </node>
        <node name="/192.168.1.51/Portal/Portalacf1.html">
            <headers>
                <entity name="Last-Modified">Tue, 19 May 1993 09:00:00 GMT</entity>
                <entity name="Content-Type">text/html</entity>
            </headers>
        </node>
        <node name="/192.168.1.51/Portal/Portalacfe.html">
            <headers>
                <entity name="Last-Modified">Tue, 19 May 1993 09:00:00 GMT</entity>
                <entity name="Content-Type">text/html</entity>
            </headers>
        </node>
        <node name="/192.168.1.51/Portal/Portalc3ec.html">
            <headers>
                <entity name="Last-Modified">Tue, 19 May 1993 09:00:00 GMT</entity>
                <entity name="Content-Type">text/html</entity>
            </headers>
        </node>
        <node name="/192.168.1.51/Portal/Portalcfc6.html">
            <headers>
                <entity name="Last-Modified">Tue, 19 May 1993 09:00:00 GMT</entity>
                <entity name="Content-Type">text/html</entity>
            </headers>
        </node>
        <node name="/192.168.1.51/Portal/Portaldeba.html">
            <headers>
                <entity name="Last-Modified">Tue, 19 May 1993 09:00:00 GMT</entity>
                <entity name="Content-Type">text/html</entity>
            </headers>
        </node>
        <node name="/192.168.1.51/Portal/Portale232.html">
            <headers>
                <entity name="Last-Modified">Tue, 19 May 1993 09:00:00 GMT</entity>
                <entity name="Content-Type">text/html</entity>
            </headers>
        </node>
        <node name="/192.168.1.51/Portal/Portaled42.html">
            <headers>
                <entity name="Last-Modified">Tue, 19 May 1993 09:00:00 GMT</entity>
                <entity name="Content-Type">text/html</entity>
            </headers>
        </node>
        <node name="/192.168.1.51/Portal/Portalf81f.html">
            <headers>
                <entity name="Last-Modified">Tue, 19 May 1993 09:00:00 GMT</entity>
                <entity name="Content-Type">text/html</entity>
            </headers>
        </node>
        <node name="/192.168.1.51/Portal/Portalf93b.html">
            <headers>
                <entity name="Last-Modified">Tue, 19 May 1993 09:00:00 GMT</entity>
                <entity name="Content-Type">text/html</entity>
            </headers>
        </node>
        <node name="/192.168.1.51/Portal/Portalfe1b.html">
            <headers>
                <entity name="Last-Modified">Tue, 19 May 1993 09:00:00 GMT</entity>
                <entity name="Content-Type">text/html</entity>
            </headers>
        </node>
        <node name="/192.168.1.51/Portal/Print1e27.html">
            <headers>
                <entity name="Last-Modified">Tue, 19 May 1993 09:00:00 GMT</entity>
                <entity name="Content-Type">text/html</entity>
            </headers>
        </node>
        <node name="/192.168.1.51/Portal/Print3bbc.html">
            <headers>
                <entity name="Last-Modified">Tue, 19 May 1993 09:00:00 GMT</entity>
                <entity name="Content-Type">text/html</entity>
            </headers>
        </node>
        <node name="/192.168.1.51/Portal/Print4a06.html">
            <headers>
                <entity name="Last-Modified">Tue, 19 May 1993 09:00:00 GMT</entity>
                <entity name="Content-Type">text/html</entity>
            </headers>
        </node>
        <node name="/192.168.1.51/Portal/Print4f94.html">
            <headers>
                <entity name="Last-Modified">Tue, 19 May 1993 09:00:00 GMT</entity>
                <entity name="Content-Type">text/html</entity>
            </headers>
        </node>
        <node name="/192.168.1.51/Portal/Print19f8.html">
            <headers>
                <entity name="Last-Modified">Tue, 19 May 1993 09:00:00 GMT</entity>
                <entity name="Content-Type">text/html</entity>
            </headers>
        </node>
        <node name="/192.168.1.51/Portal/Print28dc.html">
            <headers>
                <entity name="Last-Modified">Tue, 19 May 1993 09:00:00 GMT</entity>
                <entity name="Content-Type">text/html</entity>
            </headers>
        </node>
        <node name="/192.168.1.51/Portal/Print85c6.html">
            <headers>
                <entity name="Last-Modified">Tue, 19 May 1993 09:00:00 GMT</entity>
                <entity name="Content-Type">text/html</entity>
            </headers>
        </node>
        <node name="/192.168.1.51/Portal/Print224c.html">
            <headers>
                <entity name="Last-Modified">Tue, 19 May 1993 09:00:00 GMT</entity>
                <entity name="Content-Type">text/html</entity>
            </headers>
        </node>
        <node name="/192.168.1.51/Portal/Print294d.html">
            <headers>
                <entity name="Last-Modified">Tue, 19 May 1993 09:00:00 GMT</entity>
                <entity name="Content-Type">text/html</entity>
            </headers>
        </node>
        <node name="/192.168.1.51/Portal/Print413e.html">
            <headers>
                <entity name="Last-Modified">Tue, 19 May 1993 09:00:00 GMT</entity>
                <entity name="Content-Type">text/html</entity>
            </headers>
        </node>
        <node name="/192.168.1.51/Portal/Print901b.html">
            <headers>
                <entity name="Last-Modified">Tue, 19 May 1993 09:00:00 GMT</entity>
                <entity name="Content-Type">text/html</entity>
            </headers>
        </node>
        <node name="/192.168.1.51/Portal/Print2268.html">
            <headers>
                <entity name="Last-Modified">Tue, 19 May 1993 09:00:00 GMT</entity>
                <entity name="Content-Type">text/html</entity>
            </headers>
        </node>
        <node name="/192.168.1.51/Portal/Print7769.html">
            <headers>
                <entity name="Last-Modified">Tue, 19 May 1993 09:00:00 GMT</entity>
                <entity name="Content-Type">text/html</entity>
            </headers>
        </node>
        <node name="/192.168.1.51/Portal/Printacfe.html">
            <headers>
                <entity name="Last-Modified">Tue, 19 May 1993 09:00:00 GMT</entity>
                <entity name="Content-Type">text/html</entity>
            </headers>
        </node>
        <node name="/192.168.1.51/Portal/Printb5c0.html">
            <headers>
                <entity name="Last-Modified">Tue, 19 May 1993 09:00:00 GMT</entity>
                <entity name="Content-Type">text/html</entity>
            </headers>
        </node>
        <node name="/192.168.1.51/Portal/Printc3ec.html">
            <headers>
                <entity name="Last-Modified">Tue, 19 May 1993 09:00:00 GMT</entity>
                <entity name="Content-Type">text/html</entity>
            </headers>
        </node>
        <node name="/192.168.1.51/Portal/Printc5ba.html">
            <headers>
                <entity name="Last-Modified">Tue, 19 May 1993 09:00:00 GMT</entity>
                <entity name="Content-Type">text/html</entity>
            </headers>
        </node>
        <node name="/192.168.1.51/Portal/Printd3e9.html">
            <headers>
                <entity name="Last-Modified">Tue, 19 May 1993 09:00:00 GMT</entity>
                <entity name="Content-Type">text/html</entity>
            </headers>
        </node>
        <node name="/192.168.1.51/Portal/Printe60d.html">
            <headers>
                <entity name="Last-Modified">Tue, 19 May 1993 09:00:00 GMT</entity>
                <entity name="Content-Type">text/html</entity>
            </headers>
        </node>
        <node name="/192.168.1.51/Portal/Printef62.html">
            <headers>
                <entity name="Last-Modified">Tue, 19 May 1993 09:00:00 GMT</entity>
                <entity name="Content-Type">text/html</entity>
            </headers>
        </node>
        
      


        <node name="/192.168.1.51/CSS/MiniWeb.css">
            <headers>
                <entity name="Last-Modified">Tue, 19 May 1993 09:00:00 GMT</entity>
                <entity name="Content-Type">text/css</entity>
            </headers>
        </node>
        <node name="/192.168.1.51/CSS/MiniWebPrint.css">
            <headers>
                <entity name="Last-Modified">Tue, 19 May 1993 09:00:00 GMT</entity>
                <entity name="Content-Type">text/css</entity>
            </headers>
        </node>
        <node name="/192.168.1.51/CSS/S7MemoryApp.css">
            <headers>
                <entity name="Last-Modified">Tue, 19 May 1993 09:00:00 GMT</entity>
                <entity name="Content-Type">text/css</entity>
            </headers>
        </node>
        <node name="/192.168.1.51/CSS/S7Web.css">
            <headers>
                <entity name="Last-Modified">Tue, 19 May 1993 09:00:00 GMT</entity>
                <entity name="Content-Type">text/css</entity>
            </headers>
        </node>
        <node name="/192.168.1.51/CSS/S7WebPrint.css">
            <headers>
                <entity name="Last-Modified">Tue, 19 May 1993 09:00:00 GMT</entity>
                <entity name="Content-Type">text/css</entity>
            </headers>
        </node>
        <node name="/192.168.1.51/CSS/SpriteImages.css">
            <headers>
                <entity name="Last-Modified">Tue, 19 May 1993 09:00:00 GMT</entity>
                <entity name="Content-Type">text/css</entity>
            </headers>
        </node>
        <node name="/192.168.1.51/CSS/TreeViewIcons.css">
            <headers>
                <entity name="Last-Modified">Tue, 19 May 1993 09:00:00 GMT</entity>
                <entity name="Content-Type">text/css</entity>
            </headers>
        </node>

      
     
     
      
         <node name="/192.168.1.51/Images/Bgz/Good.gif">
            <headers>
                <entity name="Last-Modified">Tue, 19 May 1993 09:00:00 GMT</entity>
                <entity name="Content-Type">image/gif</entity>
            </headers>
        </node>
         <node name="/192.168.1.51/Images/Topo/topo_connector.gif">
            <headers>
                <entity name="Last-Modified">Tue, 19 May 1993 09:00:00 GMT</entity>
                <entity name="Content-Type">image/gif</entity>
            </headers>
        </node>
         <node name="/192.168.1.51/Images/Topo/topo_head_label_background.gif">
            <headers>
                <entity name="Last-Modified">Tue, 19 May 1993 09:00:00 GMT</entity>
                <entity name="Content-Type">image/gif</entity>
            </headers>
        </node>
         <node name="/192.168.1.51/Images/Topo/topo_head_label_background_overview.gif">
            <headers>
                <entity name="Last-Modified">Tue, 19 May 1993 09:00:00 GMT</entity>
                <entity name="Content-Type">image/gif</entity>
            </headers>
        </node>
         <node name="/192.168.1.51/Images/Topo/topo_module_head_dev_not_available.gif">
            <headers>
                <entity name="Last-Modified">Tue, 19 May 1993 09:00:00 GMT</entity>
                <entity name="Content-Type">image/gif</entity>
            </headers>
        </node>
         <node name="/192.168.1.51/Images/Topo/topo_module_head_dev_not_of_project.gif">
            <headers>
                <entity name="Last-Modified">Tue, 19 May 1993 09:00:00 GMT</entity>
                <entity name="Content-Type">image/gif</entity>
            </headers>
        </node>
         <node name="/192.168.1.51/Images/Topo/topo_port_label_background.gif">
            <headers>
                <entity name="Last-Modified">Tue, 19 May 1993 09:00:00 GMT</entity>
                <entity name="Content-Type">image/gif</entity>
            </headers>
        </node>
         <node name="/192.168.1.51/Images/Topo/topo_port_tooltip_background.gif">
            <headers>
                <entity name="Last-Modified">Tue, 19 May 1993 09:00:00 GMT</entity>
                <entity name="Content-Type">image/gif</entity>
            </headers>
        </node>

         <node name="/192.168.1.51/Images/background.gif">
            <headers>
                <entity name="Last-Modified">Tue, 19 May 1993 09:00:00 GMT</entity>
                <entity name="Content-Type">image/gif</entity>
            </headers>
        </node>
         <node name="/192.168.1.51/Images/background_extMenu.gif">
            <headers>
                <entity name="Last-Modified">Tue, 19 May 1993 09:00:00 GMT</entity>
                <entity name="Content-Type">image/gif</entity>
            </headers>
        </node>
         <node name="/192.168.1.51/Images/checkmark.gif">
            <headers>
                <entity name="Last-Modified">Tue, 19 May 1993 09:00:00 GMT</entity>
                <entity name="Content-Type">image/gif</entity>
            </headers>
        </node>
         <node name="/192.168.1.51/Images/failsafe.gif">
            <headers>
                <entity name="Last-Modified">Tue, 19 May 1993 09:00:00 GMT</entity>
                <entity name="Content-Type">image/gif</entity>
            </headers>
        </node>
         <node name="/192.168.1.51/Images/ICO_WEB_CreateNewFolder.gif">
            <headers>
                <entity name="Last-Modified">Tue, 19 May 1993 09:00:00 GMT</entity>
                <entity name="Content-Type">image/gif</entity>
            </headers>
        </node>
         <node name="/192.168.1.51/Images/ICO_WEB_CSVListSave.gif">
            <headers>
                <entity name="Last-Modified">Tue, 19 May 1993 09:00:00 GMT</entity>
                <entity name="Content-Type">image/gif</entity>
            </headers>
        </node>
         <node name="/192.168.1.51/Images/ICO_WEB_Drucken.gif">
            <headers>
                <entity name="Last-Modified">Tue, 19 May 1993 09:00:00 GMT</entity>
                <entity name="Content-Type">image/gif</entity>
            </headers>
        </node>
         <node name="/192.168.1.51/Images/ICO_WEB_OucEstablished.gif">
            <headers>
                <entity name="Last-Modified">Tue, 19 May 1993 09:00:00 GMT</entity>
                <entity name="Content-Type">image/gif</entity>
            </headers>
        </node>
         <node name="/192.168.1.51/Images/ICO_WEB_refresh.gif">
            <headers>
                <entity name="Last-Modified">Tue, 19 May 1993 09:00:00 GMT</entity>
                <entity name="Content-Type">image/gif</entity>
            </headers>
        </node>
         <node name="/192.168.1.51/Images/ICO_WEB_refresh_unable.gif">
            <headers>
                <entity name="Last-Modified">Tue, 19 May 1993 09:00:00 GMT</entity>
                <entity name="Content-Type">image/gif</entity>
            </headers>
        </node>
         <node name="/192.168.1.51/Images/ICO_WEB_trash.gif">
            <headers>
                <entity name="Last-Modified">Tue, 19 May 1993 09:00:00 GMT</entity>
                <entity name="Content-Type">image/gif</entity>
            </headers>
        </node>
         <node name="/192.168.1.51/Images/inprogress.gif">
            <headers>
                <entity name="Last-Modified">Tue, 19 May 1993 09:00:00 GMT</entity>
                <entity name="Content-Type">image/gif</entity>
            </headers>
        </node>
         <node name="/192.168.1.51/Images/intro_enter_arrow.gif">
            <headers>
                <entity name="Last-Modified">Tue, 19 May 1993 09:00:00 GMT</entity>
                <entity name="Content-Type">image/gif</entity>
            </headers>
        </node>
         <node name="/192.168.1.51/Images/lock.gif">
            <headers>
                <entity name="Last-Modified">Tue, 19 May 1993 09:00:00 GMT</entity>
                <entity name="Content-Type">image/gif</entity>
            </headers>
        </node>
         <node name="/192.168.1.51/Images/NaviPfeilblau.gif">
            <headers>
                <entity name="Last-Modified">Tue, 19 May 1993 09:00:00 GMT</entity>
                <entity name="Content-Type">image/gif</entity>
            </headers>
        </node>
         <node name="/192.168.1.51/Images/NaviPfeilweiss.gif">
            <headers>
                <entity name="Last-Modified">Tue, 19 May 1993 09:00:00 GMT</entity>
                <entity name="Content-Type">image/gif</entity>
            </headers>
        </node>
         <node name="/192.168.1.51/Images/okay.gif">
            <headers>
                <entity name="Last-Modified">Tue, 19 May 1993 09:00:00 GMT</entity>
                <entity name="Content-Type">image/gif</entity>
            </headers>
        </node>
         <node name="/192.168.1.51/Images/Siemens_Firmenmarke.gif">
            <headers>
                <entity name="Last-Modified">Tue, 19 May 1993 09:00:00 GMT</entity>
                <entity name="Content-Type">image/gif</entity>
            </headers>
        </node>
      
         <node name="/192.168.1.51/Images/FIRMENMARKE_SCHWARZ2.png">
            <headers>
                <entity name="Last-Modified">Tue, 19 May 1993 09:00:00 GMT</entity>
                <entity name="Content-Type">image/png</entity>
            </headers>
        </node>
         <node name="/192.168.1.51/Images/images-16x16.png">
            <headers>
                <entity name="Last-Modified">Tue, 19 May 1993 09:00:00 GMT</entity>
                <entity name="Content-Type">image/png</entity>
            </headers>
        </node>      
         <node name="/192.168.1.51/Images/warning.png">
            <headers>
                <entity name="Last-Modified">Tue, 19 May 1993 09:00:00 GMT</entity>
                <entity name="Content-Type">image/png</entity>
            </headers>
        </node>
      
         <node name="/192.168.1.51/Images/dialogbuttons.html">
            <headers>
                <entity name="Last-Modified">Tue, 19 May 1993 09:00:00 GMT</entity>
                <entity name="Content-Type">text/html</entity>
            </headers>
        </node>
         <node name="/192.168.1.51/Images/expander.html">
            <headers>
                <entity name="Last-Modified">Tue, 19 May 1993 09:00:00 GMT</entity>
                <entity name="Content-Type">text/html</entity>
            </headers>
        </node>
         <node name="/192.168.1.51/Images/miniweb_status.html">
            <headers>
                <entity name="Last-Modified">Tue, 19 May 1993 09:00:00 GMT</entity>
                <entity name="Content-Type">text/html</entity>
            </headers>
        </node>
         <node name="/192.168.1.51/Images/symbole.html">
            <headers>
                <entity name="Last-Modified">Tue, 19 May 1993 09:00:00 GMT</entity>
                <entity name="Content-Type">text/html</entity>
            </headers>
        </node>
       
      
      
         <node name="/192.168.1.51/Scripts/CommonScripts.js">
            <headers>
                <entity name="Last-Modified">Tue, 19 May 1993 09:00:00 GMT</entity>
                <entity name="Content-Type">text/javascript</entity>
            </headers>
        </node>
         <node name="/192.168.1.51/Scripts/cpuanimation.js">
            <headers>
                <entity name="Last-Modified">Tue, 19 May 1993 09:00:00 GMT</entity>
                <entity name="Content-Type">text/javascript</entity>
            </headers>
        </node>
         <node name="/192.168.1.51/Scripts/popup.js">
            <headers>
                <entity name="Last-Modified">Tue, 19 May 1993 09:00:00 GMT</entity>
                <entity name="Content-Type">text/javascript</entity>
            </headers>
        </node>
         <node name="/192.168.1.51/Scripts/sortfiltertableml.js">
            <headers>
                <entity name="Last-Modified">Tue, 19 May 1993 09:00:00 GMT</entity>
                <entity name="Content-Type">text/javascript</entity>
            </headers>
        </node>
         <node name="/192.168.1.51/Scripts/topo.js">
            <headers>
                <entity name="Last-Modified">Tue, 19 May 1993 09:00:00 GMT</entity>
                <entity name="Content-Type">text/javascript</entity>
            </headers>
        </node>
         <node name="/192.168.1.51/Scripts/update.js">
            <headers>
                <entity name="Last-Modified">Tue, 19 May 1993 09:00:00 GMT</entity>
                <entity name="Content-Type">text/javascript</entity>
            </headers>
        </node>
      
      
      
      
      
      
         <node name="/192.168.1.51/cpu/img/led_disabled.png">
            <headers>
                <entity name="Last-Modified">Tue, 19 May 1993 09:00:00 GMT</entity>
                <entity name="Content-Type">image/png</entity>
            </headers>
        </node>
         <node name="/192.168.1.51/cpu/img/led_green.png">
            <headers>
                <entity name="Last-Modified">Tue, 19 May 1993 09:00:00 GMT</entity>
                <entity name="Content-Type">image/png</entity>
            </headers>
        </node>
         <node name="/192.168.1.51/cpu/img/led_red.png">
            <headers>
                <entity name="Last-Modified">Tue, 19 May 1993 09:00:00 GMT</entity>
                <entity name="Content-Type">image/png</entity>
            </headers>
        </node>
         <node name="/192.168.1.51/cpu/img/led_yellow.png">
            <headers>
                <entity name="Last-Modified">Tue, 19 May 1993 09:00:00 GMT</entity>
                <entity name="Content-Type">image/png</entity>
            </headers>
        </node>
         <node name="/192.168.1.51/cpu/img/small_cpu.png">
            <headers>
                <entity name="Last-Modified">Tue, 19 May 1993 09:00:00 GMT</entity>
                <entity name="Content-Type">image/png</entity>
            </headers>
        </node>
         <node name="/192.168.1.51/cpu/img/small_display.png">
            <headers>
                <entity name="Last-Modified">Tue, 19 May 1993 09:00:00 GMT</entity>
                <entity name="Content-Type">image/png</entity>
            </headers>
        </node>
   
         <node name="/192.168.1.51/cpu/intro/CPU1511.jpg">
            <headers>
                <entity name="Last-Modified">Tue, 19 May 1993 09:00:00 GMT</entity>
                <entity name="Content-Type">image/jpg</entity>
            </headers>
        </node>
   
         <node name="/192.168.1.51/cpu/small_cpu.css">
            <headers>
                <entity name="Last-Modified">Tue, 19 May 1993 09:00:00 GMT</entity>
                <entity name="Content-Type">text/css</entity>
            </headers>
        </node>
   
      
      
      
      
      
      
      
      
        
        <node name="/tests/unittest_base.html">
            <headers>
                <entity name="Last-Modified">Tue, 19 May 1993 09:00:00 GMT</entity>
                <entity name="Content-Type">text/html</entity>
            </headers>
        </node>
        <node name="/tests/unittest_databus.html">
            <headers>
                <entity name="Last-Modified">Tue, 19 May 1993 09:00:00 GMT</entity>
                <entity name="Content-Type">text/html</entity>
            </headers>
        </node>
        <node name="/tests/unittest_tarpit.html">
            <tarpit>5</tarpit>
            <headers>
                <entity name="Last-Modified">Tue, 19 May 1993 09:00:00 GMT</entity>
                <entity name="Content-Type">text/html</entity>
            </headers>
        </node>
        <node name="/tests/unittest_subselects.html">
            <triggers>
                <entity appendix="5459fa05e5c1db37f2679b65a5175bcf">action=unit;subaction=test</entity>
            </triggers>
            <headers>
                <entity name="Last-Modified">Tue, 19 May 1993 09:00:00 GMT</entity>
                <entity name="Content-Type">text/html</entity>
            </headers>
        </node>
    </htdocs>

    <!-- how should the different status codes be handled -->
    <statuscodes>
        <status name="400">
                <!-- 400 (BAD REQUEST) errors should be super fast and responsive -->
                <tarpit>0</tarpit>
                <entity name="Content-Type">text/html</entity>
        </status>
        <status name="404">
                <!-- 404 (NOT FOUND) errors should be super fast and responsive -->
                <tarpit>0</tarpit>
                <entity name="Content-Type">text/html</entity>
        </status>
        <status name="501">
                <!-- 501 (NOT IMPLEMENTED) errors should be super fast and responsive -->
                <tarpit>0</tarpit>
                <entity name="Content-Type">text/html</entity>
        </status>
    </statuscodes>
</http>
